table,domain,prisma_model,columns,primary_key,pk_type,fk_out,referenced_by,indexes,unique_indexes,soft_delete,jsonb,array_cols,decimal_cols
account_mappings,finance,AccountMapping,6,id,TEXT,2,0,1,1,,0,0,0
accounting_fx_rates,finance,AccountingFxRate,7,id,TEXT,0,0,1,1,,0,0,2
accounting_project_columns,operations,AccountingProjectColumn,6,id,UUID,1,0,2,1,,0,0,0
accounting_project_members,operations,AccountingProjectMember,5,id,UUID,2,0,1,1,,0,0,0
accounting_project_task_assignees,operations,AccountingProjectTaskAssignee,5,id,UUID,2,0,2,1,,0,0,0
accounting_project_task_comments,operations,AccountingProjectTaskComment,6,id,UUID,2,0,2,0,,0,0,0
accounting_project_tasks,operations,AccountingProjectTask,13,id,UUID,3,3,2,0,,0,0,0
accounting_projects,operations,AccountingProject,25,id,TEXT,1,3,4,1,,1,1,0
applications,content,Application,9,id,UUID,1,0,2,0,,0,0,0
appraisal_comments,performance,AppraisalComment,5,id,UUID,2,0,1,0,,0,0,0
appraisal_cycles,performance,AppraisalCycle,9,id,UUID,1,1,0,0,,0,0,0
appraisal_kras,performance,AppraisalKRA,9,id,UUID,2,0,1,0,,0,0,0
appraisal_ratings,performance,AppraisalRating,7,id,UUID,2,0,2,1,,0,0,0
appraisals,performance,Appraisal,13,id,UUID,3,4,3,1,,0,0,0
approval_chain_decisions,approval-chains,ApprovalChainDecision,12,id,TEXT,4,0,4,2,,0,0,0
approval_chain_steps,approval-chains,ApprovalChainStep,10,id,TEXT,2,0,2,1,,0,0,0
approval_chains,approval-chains,ApprovalChain,7,id,TEXT,0,1,1,1,,0,0,0
aria_attachments,comms,AriaAttachment,12,id,UUID,2,0,2,0,,0,0,0
aria_brief_deliveries,comms,AriaBriefDelivery,6,id,UUID,1,0,2,1,,2,0,0
aria_brief_subscriptions,comms,AriaBriefSubscription,10,user_id,UUID,1,0,1,0,,0,5,0
aria_conversation_memory,comms,AriaConversationMemory,6,id,UUID,1,0,2,1,,0,0,0
aria_conversation_summaries,comms,AriaConversationSummary,7,conversation_id,UUID,1,0,0,0,,0,0,0
aria_conversations,comms,AriaConversation,5,id,UUID,1,4,1,0,,0,0,0
aria_feedback,comms,AriaFeedback,12,id,UUID,4,0,3,1,,0,0,0
aria_knowledge_articles,comms,AriaKnowledgeArticle,12,id,UUID,1,1,3,1,,0,5,0
aria_messages,comms,AriaMessage,6,id,UUID,1,2,1,0,,1,0,0
aria_query_logs,comms,AriaQueryLog,21,id,UUID,2,0,3,0,,0,9,0
articles,content,Article,8,id,UUID,1,0,1,0,,0,0,0
assets,operations,Asset,26,id,UUID,2,0,3,0,,0,0,3
attendance_audit_logs,hr,AttendanceAuditLog,7,id,UUID,3,0,3,0,,1,0,0
attendance_corrections,hr,AttendanceCorrection,16,id,UUID,3,0,3,0,,0,0,0
attendance_employee_shifts,hr,AttendanceEmployeeShift,7,id,UUID,2,0,3,0,,0,0,0
attendance_exceptions,hr,AttendanceException,11,id,UUID,2,0,2,0,,0,0,0
attendance_policies,hr,AttendancePolicy,17,id,UUID,1,0,1,1,,2,0,2
attendance_records,hr,AttendanceRecord,17,id,UUID,1,2,3,1,,0,0,1
attendance_shifts,hr,AttendanceShift,9,id,UUID,1,1,1,0,,0,0,0
audit_log,system,AuditLog,9,id,UUID,1,0,3,0,,1,0,0
auth_logs,core,AuthLog,8,id,UUID,1,0,3,0,,0,0,0
balance_transactions,hr,BalanceTransaction,9,id,UUID,2,0,1,0,,0,0,1
bank_accounts,finance,BankAccount,14,id,TEXT,2,2,2,0,yes,0,0,2
bank_transactions,finance,BankTransaction,20,id,UUID,5,0,3,0,,0,0,2
benefit_enrollments,hr,BenefitEnrollment,6,id,UUID,2,0,1,1,,0,0,0
benefits,hr,Benefit,11,id,TEXT,1,1,0,0,,0,0,1
blogs,content,Blog,9,id,UUID,1,0,1,0,,0,0,0
bnry_transactions,finance,BnryTransaction,8,id,UUID,0,0,1,0,,0,0,1
cash_advance_approval_decisions,finance,CashAdvanceApprovalDecision,11,id,UUID,3,0,3,1,,0,0,0
cash_advance_approval_steps,finance,CashAdvanceApprovalStep,14,id,UUID,1,0,1,1,,3,3,2
cash_advance_items,finance,CashAdvanceItem,10,id,UUID,2,0,1,0,,0,0,2
cash_advance_requests,finance,CashAdvanceRequest,29,id,UUID,3,2,6,1,yes,0,0,2
certificates,hr,Certificate,15,id,UUID,2,0,4,0,yes,1,1,0
chart_of_accounts,finance,ChartOfAccount,14,id,TEXT,2,7,2,0,yes,0,0,1
company_dates,comms,CompanyDate,9,id,UUID,1,0,1,0,,1,0,0
company_news,comms,CompanyNews,10,id,UUID,1,0,1,0,,1,0,0
company_policies,hr,CompanyPolicy,15,id,UUID,2,0,3,0,,0,0,0
consultant_invoices,hr,ConsultantInvoice,12,id,UUID,2,0,0,0,,0,0,4
conversation_members,comms,ConversationMember,6,"conversation_id,user_id",,2,0,1,0,,0,0,0
conversations,comms,Conversation,8,id,UUID,1,2,4,1,,0,0,0
credit_note_lines,finance,CreditNoteLine,11,id,TEXT,2,0,1,0,,0,0,5
credit_notes,finance,CreditNote,19,id,TEXT,3,1,3,1,yes,0,0,3
crm_accounts,sales-crm,Account,28,id,TEXT,2,3,6,1,,0,3,0
crm_activities,sales-crm,CrmActivity,13,id,TEXT,5,0,6,1,,0,0,0
crm_business_units,sales-crm,CrmBusinessUnit,9,id,TEXT,0,0,2,1,,0,0,0
crm_contacts,sales-crm,Contact,12,id,TEXT,1,2,3,0,,0,0,0
crm_lead_sources,sales-crm,LeadSource,8,id,TEXT,0,0,2,1,,0,0,0
crm_leads,sales-crm,Lead,19,id,TEXT,2,2,4,1,,0,3,0
crm_lost_reasons,sales-crm,LostReason,8,id,TEXT,0,0,2,1,,0,0,0
crm_notifications,operations,CrmNotification,12,id,UUID,0,0,2,0,,0,0,0
crm_opportunities,sales-crm,Opportunity,24,id,TEXT,3,4,7,1,,1,4,1
crm_opportunity_business_units,sales-crm,OpportunityBusinessUnit,16,id,TEXT,1,0,3,1,,1,1,1
crm_settings,sales-crm,CrmSettings,9,id,UUID,1,0,1,1,,0,3,0
crm_tasks,sales-crm,CrmTask,12,id,TEXT,3,0,3,0,,1,1,0
customer_advances,finance,CustomerAdvance,13,id,TEXT,0,0,2,0,,0,0,2
data_room_documents,investors,DataRoomDocument,10,id,UUID,1,0,0,0,,0,0,0
deals,operations,Deal,14,id,TEXT,2,0,1,0,,0,0,1
departments,core,Department,10,id,UUID,1,1,4,2,yes,0,0,0
desk_bookings,operations,DeskBooking,5,id,UUID,2,0,1,1,,0,0,0
document_sequences,finance,DocumentSequence,10,id,TEXT,1,0,1,1,,0,0,0
employee_agreements,hr,EmployeeAgreement,14,id,UUID,2,0,3,0,,0,0,0
entities,core,Entity,24,id,TEXT,0,35,1,1,yes,0,3,0
entity_tax_rates,finance,EntityTaxRate,8,id,UUID,0,0,1,0,,0,0,1
equity_monthly_salary,hr,EquityMonthlySalary,10,id,UUID,0,0,1,0,,1,0,0
esop_grants,hr,EsopGrant,24,id,UUID,1,0,0,0,,0,0,4
exchange_rates,finance,ExchangeRate,7,id,UUID,0,0,2,1,,0,0,1
expense_approval_decisions,finance,ExpenseApprovalDecision,13,id,UUID,3,0,3,1,,0,0,1
expense_approval_steps,finance,ExpenseApprovalStep,15,id,UUID,1,0,1,1,,3,3,2
expense_categories,finance,ExpenseCategory,9,id,TEXT,0,2,1,1,,0,0,1
expense_reports,finance,ExpenseReport,18,id,UUID,3,2,3,0,yes,0,0,1
expenses,finance,Expense,21,id,UUID,6,0,5,0,yes,0,0,1
file_uploads,system,FileUpload,14,id,UUID,0,0,2,0,yes,0,0,0
fiscal_periods,finance,FiscalPeriod,10,id,TEXT,1,0,2,1,,0,0,0
fixed_asset_categories,finance,FixedAssetCategory,16,id,UUID,0,0,2,1,,0,0,0
fixed_asset_count_lines,finance,FixedAssetCountLine,9,id,UUID,2,0,2,0,,0,0,0
fixed_asset_count_sessions,finance,FixedAssetCountSession,11,id,UUID,0,1,2,1,,0,0,0
fixed_asset_disposals,finance,FixedAssetDisposal,28,id,UUID,2,0,2,0,,0,0,9
fixed_asset_remeasurements,finance,FixedAssetRemeasurement,30,id,UUID,2,0,2,0,,0,0,10
fixed_asset_transfers,finance,FixedAssetTransfer,26,id,UUID,2,0,2,0,,0,0,2
fixed_assets,finance,FixedAsset,32,id,UUID,0,5,5,1,yes,0,0,6
fundraising_entities,investors,FundraisingEntity,5,key,TEXT,0,0,1,0,,0,0,0
goals,performance,Goal,10,id,UUID,1,0,1,0,,0,0,0
google_oauth_states,integrations,GoogleOauthState,5,state,TEXT,0,0,1,0,,0,0,0
helpdesk_comments,helpdesk,HelpdeskComment,6,id,UUID,2,0,1,0,,0,0,0
helpdesk_settings,helpdesk,HelpdeskSettings,16,id,UUID,1,0,1,1,,0,3,0
helpdesk_tickets,helpdesk,HelpdeskTicket,19,id,UUID,2,1,6,2,,1,0,0
investments,investors,Investment,13,id,UUID,1,0,0,0,,1,0,2
investor_accounts,investors,InvestorAccount,12,id,TEXT,1,1,3,0,,0,0,0
investor_activities,investors,InvestorActivity,9,id,TEXT,2,0,2,0,,0,0,0
investor_contacts,investors,InvestorContact,12,id,TEXT,2,0,4,0,,0,0,0
investor_leads,investors,InvestorLead,13,id,TEXT,1,0,3,0,,0,0,0
investor_pipeline_stages,investors,InvestorPipelineStage,6,key,TEXT,0,0,1,0,,0,0,0
investor_tags,investors,InvestorTag,9,id,TEXT,0,0,2,1,,0,0,0
investor_tasks,investors,InvestorTask,9,id,TEXT,2,0,2,0,,0,0,0
investor_type_options,investors,InvestorTypeOption,5,key,TEXT,0,0,1,0,,0,0,0
investor_updates,investors,InvestorUpdate,9,id,UUID,1,0,0,0,,0,0,0
investors,investors,Investor,28,id,TEXT,1,3,2,0,,1,3,0
invoice_line_items,finance,InvoiceLineItem,14,id,TEXT,1,0,1,0,,0,0,6
invoices,finance,Invoice,38,id,TEXT,3,4,7,1,yes,0,0,10
it_access_approval_decisions,it-operations,ItAccessApprovalDecision,11,id,UUID,3,0,3,1,,0,0,0
it_access_assignments,it-operations,ItAccessAssignment,14,id,UUID,5,0,3,0,,0,0,0
it_access_audit_logs,it-operations,ItAccessAuditLog,10,id,UUID,2,0,4,0,,2,0,0
it_access_requests,it-operations,ItAccessRequest,19,id,UUID,3,2,4,1,,0,0,0
it_billing_alerts,it-operations,ItBillingAlert,8,id,UUID,2,0,3,0,,0,0,0
it_billing_records,it-operations,ItBillingRecord,13,id,UUID,2,0,2,0,,0,0,1
it_project_columns,operations,ItProjectColumn,6,id,UUID,1,0,2,1,,0,0,0
it_project_members,operations,ItProjectMember,5,id,UUID,2,0,1,1,,0,0,0
it_project_task_assignees,operations,ItProjectTaskAssignee,5,id,UUID,2,0,2,1,,0,0,0
it_project_task_comments,operations,ItProjectTaskComment,6,id,UUID,2,0,2,0,,0,0,0
it_project_tasks,operations,ItProjectTask,16,id,UUID,3,3,2,0,,0,0,0
it_projects,operations,ItProject,25,id,TEXT,1,3,4,1,,1,1,0
it_subscriptions,it-operations,ItSubscription,26,id,UUID,4,2,4,0,,2,1,1
it_systems,it-operations,ItSystem,8,id,TEXT,0,2,2,1,,0,0,0
it_vendors,it-operations,ItVendor,11,id,UUID,1,1,1,0,,1,0,0
jobs,content,Job,10,id,UUID,0,1,3,1,,0,0,0
journal_entries,finance,JournalEntry,28,id,TEXT,7,7,5,3,yes,0,0,0
journal_entry_lines,finance,JournalEntryLine,6,id,UUID,2,0,1,0,,0,0,2
kra_templates,performance,KRATemplate,6,id,UUID,0,1,0,0,,0,0,0
leave_approval_decisions,hr,LeaveApprovalDecision,11,id,UUID,3,0,3,1,,0,0,0
leave_approval_steps,hr,LeaveApprovalStep,11,id,UUID,1,0,1,1,,2,2,0
leave_balances,hr,LeaveBalance,10,id,UUID,2,0,1,1,,0,0,5
leave_policy_approvers,hr,LeavePolicyApprover,11,id,UUID,2,0,3,1,,2,2,0
leave_requests,hr,LeaveRequest,23,id,UUID,5,1,4,0,yes,0,0,1
leave_types,hr,LeaveType,10,id,TEXT,1,4,3,2,,0,0,0
legal_announcement_acks,legal,LegalAnnouncementAck,4,"announcement_id,user_id",,2,0,1,0,,0,0,0
legal_announcement_attachments,legal,LegalAnnouncementAttachment,5,id,UUID,1,0,1,0,,0,0,0
legal_announcements,legal,LegalAnnouncement,13,id,UUID,2,2,3,0,,0,0,0
legal_document_attachments,legal,LegalDocumentAttachment,11,id,UUID,2,0,2,0,,0,0,0
legal_document_shares,legal,LegalDocumentShare,8,id,UUID,4,0,4,0,,0,0,0
legal_documents,legal,LegalDocument,19,id,UUID,2,3,5,0,,0,1,0
legal_notification_settings,legal,LegalNotificationSettings,10,id,UUID,0,0,1,1,,0,3,0
legal_project_columns,operations,LegalProjectColumn,6,id,UUID,1,0,2,1,,0,0,0
legal_project_members,operations,LegalProjectMember,5,id,UUID,2,0,1,1,,0,0,0
legal_project_task_assignees,operations,LegalProjectTaskAssignee,5,id,UUID,2,0,2,1,,0,0,0
legal_project_task_comments,operations,LegalProjectTaskComment,6,id,UUID,2,0,2,0,,0,0,0
legal_project_tasks,operations,LegalProjectTask,13,id,UUID,3,3,2,0,,0,0,0
legal_projects,operations,LegalProject,25,id,TEXT,1,3,4,1,,1,1,0
legal_signatures,legal,LegalSignature,25,id,UUID,2,0,5,1,,0,0,0
marketing_campaigns,operations,MarketingCampaign,13,id,UUID,1,0,1,0,,0,0,0
meeting_rooms,operations,MeetingRoom,7,id,UUID,1,1,0,0,,0,0,0
message_hidden_for,comms,MessageHiddenFor,3,"message_id,user_id",,2,0,1,0,,0,0,0
message_reactions,comms,MessageReaction,4,"message_id,user_id",,2,0,1,0,,0,0,0
messages,comms,Message,9,id,UUID,3,2,3,0,,0,0,0
mkt_campaign_levers,marketing-crm,MktCampaignLever,4,id,UUID,2,0,3,1,,0,0,0
mkt_campaigns,marketing-crm,MktCampaign,24,id,UUID,2,3,6,0,,0,0,1
mkt_creatives,marketing-crm,MktCreative,11,id,UUID,2,0,1,0,,0,0,0
mkt_levers,marketing-crm,MktLever,6,id,TEXT,0,1,2,1,,0,0,0
mkt_predictions,marketing-crm,MktPrediction,9,id,UUID,2,0,1,0,,0,0,0
module_access,rbac,ModuleAccess,5,"user_id,module_id",,2,0,0,0,,0,0,0
module_owners,rbac,ModuleOwner,2,module_id,VARCHAR(50),1,0,0,0,,0,0,0
ninety_day_notifications,hr,NinetyDayNotification,17,id,UUID,2,0,3,0,,0,0,0
offboarding_runs,hr,OffboardingRun,16,id,UUID,2,0,3,0,yes,1,0,0
office_desks,operations,OfficeDesk,6,id,UUID,1,1,0,0,,0,0,0
offices,operations,Office,8,id,TEXT,0,3,0,0,,0,0,0
onboarding_runs,hr,OnboardingRun,11,id,UUID,2,0,1,0,yes,1,0,0
opportunity_stage_config,sales-crm,OpportunityStageConfig,6,key,TEXT,0,0,1,0,,0,0,0
ow_daily_metrics,operations,OwDailyMetric,33,id,UUID,0,0,2,1,,1,0,0
ow_snapshots,operations,OwSnapshot,4,id,UUID,0,0,1,0,,2,0,0
partner_columns,operations,PartnerColumn,6,id,UUID,1,0,2,1,,0,0,0
partner_contacts,operations,PartnerContact,7,id,UUID,1,0,0,0,,0,0,0
partner_members,operations,PartnerMember,5,id,UUID,2,0,1,1,,0,0,0
partner_task_assignees,operations,PartnerTaskAssignee,5,id,UUID,2,0,2,1,,0,0,0
partner_task_comments,operations,PartnerTaskComment,6,id,UUID,2,0,2,0,,0,0,0
partner_task_resources,operations,PartnerTaskResource,7,id,UUID,1,0,1,0,,0,0,0
partner_tasks,operations,PartnerTask,13,id,UUID,3,4,2,0,,0,0,0
partners,operations,Partner,25,id,TEXT,1,8,4,1,,0,0,1
payment_allocations,finance,PaymentAllocation,7,id,UUID,2,0,2,0,,0,0,3
payments,finance,Payment,23,id,TEXT,4,2,4,1,yes,0,0,7
payroll_approval_steps,hr,PayrollApprovalStep,8,id,UUID,1,0,1,1,,0,0,0
payroll_runs,hr,PayrollRun,15,id,TEXT,3,1,1,1,,1,0,3
payslips,hr,Payslip,15,id,UUID,2,0,1,1,,2,0,5
po_lines,finance,PoLine,12,id,TEXT,2,0,1,0,,0,0,6
product_project_columns,operations,ProductProjectColumn,6,id,UUID,1,0,2,1,,0,0,0
product_project_members,operations,ProductProjectMember,5,id,UUID,2,0,1,1,,0,0,0
product_project_task_assignees,operations,ProductProjectTaskAssignee,5,id,UUID,2,0,2,1,,0,0,0
product_project_task_comments,operations,ProductProjectTaskComment,6,id,UUID,2,0,2,0,,0,0,0
product_project_tasks,operations,ProductProjectTask,13,id,UUID,3,3,2,0,,0,0,0
product_projects,operations,ProductProject,22,id,TEXT,1,3,4,1,,1,1,0
project_columns,operations,ProjectColumn,6,id,UUID,1,0,2,1,,0,0,0
project_members,operations,ProjectMember,5,id,UUID,2,0,1,1,,0,0,0
project_milestones,operations,ProjectMilestone,11,id,UUID,2,1,1,0,,0,0,0
project_task_activities,operations,ProjectTaskActivity,8,id,UUID,2,0,1,0,,0,0,0
project_task_assignees,operations,ProjectTaskAssignee,5,id,UUID,2,0,3,1,,0,0,0
project_task_comments,operations,ProjectTaskComment,6,id,UUID,2,0,1,0,,0,0,0
project_task_dependencies,operations,ProjectTaskDependency,5,id,UUID,2,0,3,1,,0,0,0
project_task_resources,operations,ProjectTaskResource,8,id,UUID,2,0,1,0,,0,0,0
project_tasks,operations,ProjectTask,16,id,UUID,4,7,3,0,,1,1,0
project_workflow_emails,operations,ProjectWorkflowEmail,13,id,TEXT,1,0,3,1,,0,0,0
project_workflow_transitions,operations,ProjectWorkflowTransition,7,id,TEXT,1,0,1,0,,0,0,0
projects,operations,Project,38,id,TEXT,2,8,6,1,,2,5,1
proposal_emails,proposals,ProposalEmail,12,id,TEXT,1,0,3,1,,0,0,0
proposal_information_requests,proposals,ProposalInformationRequest,9,id,TEXT,1,0,2,0,,0,0,0
proposal_transitions,proposals,ProposalTransition,8,id,TEXT,1,0,1,0,,0,0,0
proposals,proposals,Proposal,12,id,TEXT,1,4,4,0,,0,0,0
public_holidays,hr,PublicHoliday,8,id,UUID,1,0,2,1,,0,0,0
purchase_orders,finance,PurchaseOrder,17,id,TEXT,2,1,3,1,yes,0,0,3
qa_project_columns,operations,QaProjectColumn,6,id,UUID,1,0,2,1,,0,0,0
qa_project_members,operations,QaProjectMember,5,id,UUID,2,0,1,1,,0,0,0
qa_project_task_assignees,operations,QaProjectTaskAssignee,5,id,UUID,2,0,2,1,,0,0,0
qa_project_task_comments,operations,QaProjectTaskComment,6,id,UUID,2,0,2,0,,0,0,0
qa_project_tasks,operations,QaProjectTask,23,id,UUID,3,3,6,0,,1,1,0
qa_projects,operations,QaProject,18,id,TEXT,1,3,4,1,,1,1,0
quote_lines,finance,QuoteLine,11,id,TEXT,2,0,1,0,,0,0,5
quotes,finance,Quote,17,id,TEXT,2,1,3,1,yes,0,0,3
revenue_accounts,sales-revenue-crm,RevenueAccount,28,id,TEXT,2,3,6,1,,0,3,0
revenue_activities,sales-revenue-crm,RevenueActivity,13,id,TEXT,5,0,6,1,,0,0,0
revenue_contacts,sales-revenue-crm,RevenueContact,12,id,TEXT,1,2,3,0,,0,0,0
revenue_lead_sources,sales-revenue-crm,RevenueLeadSource,8,id,TEXT,0,0,2,1,,0,0,0
revenue_leads,sales-revenue-crm,RevenueLead,19,id,TEXT,2,2,4,1,,0,3,0
revenue_lost_reasons,sales-revenue-crm,RevenueLostReason,8,id,TEXT,0,0,2,1,,0,0,0
revenue_opportunities,sales-revenue-crm,RevenueOpportunity,24,id,TEXT,3,4,7,1,,1,4,1
revenue_opportunity_business_units,sales-revenue-crm,RevenueOpportunityBusinessUnit,16,id,TEXT,1,0,3,1,,1,1,1
revenue_settings,sales-revenue-crm,RevenueSettings,9,id,UUID,1,0,1,1,,0,3,0
revenue_stage_config,sales-revenue-crm,RevenueStageConfig,6,key,TEXT,0,0,1,0,,0,0,0
revenue_tasks,sales-revenue-crm,RevenueTask,12,id,TEXT,3,0,3,0,,1,1,0
role_permissions,rbac,RolePermission,2,"role_id,permission_code",,1,0,0,0,,0,0,0
roles,rbac,Role,8,id,UUID,0,3,1,1,yes,0,0,0
room_bookings,operations,RoomBooking,11,id,UUID,2,0,2,0,,0,0,0
sessions,core,Session,7,id,UUID,1,0,3,1,,0,0,0
storage_snapshots,system,StorageSnapshot,5,id,UUID,0,0,2,0,,0,0,0
survey_answers,hr,SurveyAnswer,4,id,UUID,2,0,2,1,,1,0,0
survey_form_answers,hr,SurveyFormAnswer,4,id,UUID,2,0,2,1,,1,0,0
survey_form_questions,hr,SurveyFormQuestion,9,id,UUID,1,1,1,0,,2,1,0
survey_form_responses,hr,SurveyFormResponse,4,id,UUID,2,1,2,1,,0,0,0
survey_forms,hr,SurveyForm,17,id,UUID,1,2,4,0,,3,3,0
survey_questions,hr,SurveyQuestion,9,id,UUID,1,1,1,0,,2,1,0
survey_responses,hr,SurveyResponse,4,id,UUID,2,1,2,1,,0,0,0
surveys,hr,Survey,17,id,UUID,1,2,4,0,,3,3,0
system_settings,system,SystemSetting,3,key,VARCHAR(100),0,0,0,0,,1,0,0
tax_codes,finance,TaxCode,10,id,TEXT,2,3,1,1,,0,0,1
tax_filings,finance,TaxFiling,14,id,TEXT,0,0,2,1,,1,0,0
training_completions,hr,TrainingCompletion,4,"employee_id,module_id",,2,0,0,0,,0,0,0
training_modules,hr,TrainingModule,11,id,TEXT,0,1,0,0,,0,0,0
travel_approval_decisions,hr,TravelApprovalDecision,11,id,UUID,3,0,3,1,,0,0,0
travel_approval_steps,hr,TravelApprovalStep,14,id,UUID,1,0,1,1,,3,3,2
travel_requests,hr,TravelRequest,37,id,UUID,4,2,5,1,yes,1,1,2
user_docusign_connections,legal,UserDocusignConnection,10,id,UUID,1,0,1,1,,0,1,0
user_entity_memberships,core,UserEntityMembership,7,id,TEXT,3,0,2,1,,0,0,0
user_google_connections,integrations,UserGoogleConnection,12,id,UUID,1,0,2,1,,0,0,0
user_group_members,rbac,UserGroupMember,4,"group_id,user_id",,2,0,0,0,,0,0,0
user_groups,rbac,UserGroup,8,id,UUID,1,2,1,1,yes,0,0,0
user_roles,rbac,UserRole,4,"user_id,role_id",,2,0,0,0,,0,0,0
user_settings,system,UserSetting,3,"user_id,key",,0,0,0,0,,1,0,0
users,core,User,36,id,UUID,2,202,6,2,yes,1,0,1
validator_node_alerts,helpdesk,ValidatorNodeAlert,13,id,UUID,1,0,2,0,,0,0,1
vendors,finance,Vendor,38,id,UUID,2,5,5,0,yes,0,0,2
visa_checklist_items,hr,VisaChecklistItem,12,id,UUID,1,0,1,0,,0,0,0
visa_checklist_templates,hr,VisaChecklistTemplate,9,id,UUID,0,0,1,0,,1,1,0
visa_event_logs,hr,VisaEventLog,9,id,UUID,2,0,1,0,,0,0,0
visa_knowledge_articles,hr,VisaKnowledgeArticle,13,id,UUID,1,0,3,1,,0,4,0
visa_records,hr,VisaRecord,24,id,UUID,2,2,4,0,yes,1,1,0
voucher_entries,operations,VoucherEntry,11,id,UUID,1,0,2,0,,0,0,0
wall_comments,comms,WallComment,6,id,UUID,2,0,1,0,,0,0,0
wall_posts,comms,WallPost,10,id,UUID,1,1,1,0,,3,0,0
wiki_page_permissions,content,WikiPagePermission,5,id,UUID,2,0,2,1,,0,0,0
wiki_page_versions,content,WikiPageVersion,7,id,UUID,2,0,2,1,,0,0,0
wiki_pages,content,WikiPage,14,id,UUID,3,3,4,1,,1,1,0
